424694,Bohemian Rhapsody
480530,Creed II
450465,Glass
504172,The Mule
332562,A Star Is Born
446807,The Girl in the Spider's Web
568709,Preman Pensiun
405774,Bird Box
369972,First Man
426426,Roma
375262,The Favourite
429197,Vice
433249,IO
487558,BlacKkKlansman
505954,T-34
451915,Beautiful Boy
484247,A Simple Favor
337167,Fifty Shades Freed
440626,Sobibor
490132,Green Book
281957,The Revenant
401469,Widows
438808,White Boy Rick
489999,Searching
440161,The Sisters Brothers
399360,Alpha
210577,Gone Girl
16869,Inglourious Basterds
462391,Aan Devathai
398173,The House That Jack Built
446021,Bad Times at the El Royale
8966,Twilight
458594,Peppermint
315635,Spider-Man: Homecoming
470044,The Hate U Give
537996,The Ballad of Buster Scruggs
447332,A Quiet Place
196867,Annie
311291,45 Years
340613,The Wife
569547,Black Mirror: Bandersnatch
263115,Logan
407436,Mowgli: Legend of the Jungle
452832,Serenity
554733,Orang Kaya Baru
157336,Interstellar
278,The Shawshank Redemption
238,The Godfather
466411,Speed Kills
194662,Birdman
440298,Cold War
449459,The Vanishing
440472,The Upside
361292,Suspiria
155,The Dark Knight
78,Blade Runner
13,Forrest Gump
400535,Sicario: Day of the Soldado
520360,King of Thieves
500475,SuperFly
150689,Cinderella
474354,22 July
216015,Fifty Shades of Grey
446101,Assassination Nation
272,Batman Begins
242582,Nightcrawler
244786,Whiplash
316029,The Greatest Showman
49026,The Dark Knight Rises
455207,Crazy Rich Asians
101,LÃ©on: The Professional
515818,Yao
490447,Savage
424,Schindler's List
419407,Astral
205596,The Imitation Game
472451,Boy Erased
150540,Inside Out
550,Fight Club
399055,The Shape of Water
516630,The Standoff at Sparrow Creek
119450,Dawn of the Planet of the Apes
516259,BEEF: Russian Hip-Hop
390874,Ashes in the Snow
489930,Blindspotting
474764,The Lodge
261470,Sorry If I Call You Love
512199,Native Son
573501,Matt & Mou
457136,Mary Queen of Scots
527385,After the Wedding
458737,First Reformed
454227,Outlaw King
565740,Spiral Farm
68718,Django Unchained
565732,A Great Lamp
281338,War for the Planet of the Apes
106646,The Wolf of Wall Street
286217,The Martian
8587,The Lion King
565386,The Last Tree
61791,Rise of the Planet of the Apes
1124,The Prestige
433683,History of the First Kazakh Khans. The Diamond Sword
374720,Dunkirk
569891,Lavender
273481,Sicario
147441,Exodus: Gods and Kings
168259,Furious 7
438145,Black '47
22907,Takers
264660,Ex Machina
324786,Hacksaw Ridge
240,The Godfather: Part II
120467,The Grand Budapest Hotel
429203,The Old Man & the Gun
254128,San Andreas
228150,Fury
312221,Creed
336050,Son of Saul
465914,If Beale Street Could Talk
50620,The Twilight Saga: Breaking Dawn - Part 2
565748,Demolition Girl
334543,Lion
553882,An Acceptable Loss
273248,The Hateful Eight
487670,The Death of Superman
23168,The Town
399404,Darkest Hour
455980,Tag
18239,The Twilight Saga: New Moon
398818,Call Me by Your Name
152601,Her
539,Psycho
24021,The Twilight Saga: Eclipse
329865,Arrival
314365,Spotlight
489301,Possible Faces
11324,Shutter Island
417261,Forever My Girl
389,12 Angry Men
504592,Divine Love
597,Titanic
346685,The Girl on the Train
49017,Dracula Untold
49047,Gravity
339103,Gotti
4951,10 Things I Hate About You
392044,Murder on the Orient Express
857,Saving Private Ryan
154400,The Drop
372058,Your Name.
419743,Disobedience
401905,Fahrenheit 451
302946,The Accountant
561,Constantine
468362,The Angel
637,Life Is Beautiful
616,The Last Samurai
185,A Clockwork Orange
82693,Silver Linings Playbook
346,Seven Samurai
141,Donnie Darko
500919,211
570910,Thackeray
745,The Sixth Sense
491622,Manikarnika
359940,Three Billboards Outside Ebbing, Missouri
396371,Molly's Game
472715,The Last Man
472734,Dumplin'
470229,Summer of 84
505192,Shoplifters
346672,Underworld: Blood Wars
553622,Ai Uta: Yakusoku no Nakuhito
1495,Kingdom of Heaven
449176,Love, Simon
460071,Lizzie
103,Taxi Driver
171274,Inherent Vice
769,GoodFellas
510355,Share
489931,American Animals
1585,It's a Wonderful Life
568,Apollo 13
517331,The Realm
451925,Time Freak
395841,Hold the Dark
17979,A Christmas Carol
391713,Lady Bird
446354,The Post
429351,12 Strong
513111,To the Stars
429415,Extinction
565373,Koko-di Koko-da
44214,Black Swan
572680,Irupathiyonnaam Noottaandu
8456,Never Back Down
379149,The Foreigner
459910,Braven
169917,A Walk Among the Tombstones
565340,Ms. Purple
481117,The Brawler
11036,The Notebook
64690,Drive
517814,Capernaum
476292,Maquia: When the Promised Flower Blooms
4922,The Curious Case of Benjamin Button
278927,The Jungle Book
530442,My Teacher, My Obsession
389015,I, Tonya
290595,The Huntsman: Winter's War
412862,Ratsasan
313369,La La Land
340674,Dark Crimes
274857,King Arthur: Legend of the Sword
311,Once Upon a Time in America
6977,No Country for Old Men
98,Gladiator
4982,American Gangster
486947,The Guilty
400579,Tully
508763,A Dog's Way Home
296096,Me Before You
83542,Cloud Atlas
406997,Wonder
483184,Dogman
341735,The Seagull
652,Troy
315837,Ghost in the Shell
464502,Acrimony
454652,Colette
77338,The Intouchables
112160,Sexual Chronicles of a French Family
770,Gone with the Wind
339380,On the Basis of Sex
318846,The Big Short
670,Oldboy
462919,Sierra Burgess Is a Loser
65754,The Girl with the Dragon Tattoo
28,Apocalypse Now
2502,The Bourne Supremacy
516716,Milly & Mamet
399905,Female War: A Nasty Deal
384680,Hostiles
197,Braveheart
64682,The Great Gatsby
503346,Occupation
395991,Only the Brave
122906,About Time
429417,Ghost Stories
19404,Dilwale Dulhania Le Jayenge
433498,Papillon
41592,StreetDance 3D
72190,World War Z
512263,Honey Boy
58595,Snow White and the Huntsman
564359,Fuck You! It's Christmas, Bitches!
162,Edward Scissorhands
2567,The Aviator
395990,Death Wish
395992,Life
70,Million Dollar Baby
465136,Every Day
295011,Patient Zero
2024,The Patriot
68724,Elysium
1422,The Departed
296098,Bridge of Spies
419831,I Kill Giants
274479,Joy
418472,The Wild Pear Tree
365942,The Space Between Us
5915,Into the Wild
258216,Nymphomaniac: Vol. I
640,Catch Me If You Can
401847,Can You Ever Forgive Me?
9693,Children of Men
406990,What Happened to Monday
86834,Noah
489927,The Kindergarten Teacher
2501,The Bourne Identity
489929,Destination Wedding
385448,The Little Mermaid
17431,Moon
300671,13 Hours: The Secret Soldiers of Benghazi
333371,10 Cloverfield Lane
1417,Pan's Labyrinth
37799,The Social Network
1359,American Psycho
1164,Babel
122081,Spring Breakers
201088,Blackhat
491584,Burning
395834,Wind River
146233,Prisoners
414191,Our House
12201,Edge of Darkness
75780,Jack Reacher
381283,mother!
34584,The NeverEnding Story
491472,At Eternity's Gate
220882,London Fields
507076,Climax
413362,Roman J. Israel, Esq.
76494,What to Expect When You're Expecting
437586,Mid90s
581,Dances with Wolves
341174,Fifty Shades Darker
399170,Logan Lucky
45317,The Fighter
283366,Miss Peregrine's Home for Peculiar Children
241554,Run All Night
6479,I Am Legend
446791,All the Money in the World
45269,The King's Speech
295964,Burnt
254320,The Lobster
13223,Gran Torino
274870,Passengers
76203,12 Years a Slave
300168,Dragon Blade
8088,Broken Embraces
381284,Hidden Figures
11713,Fist of Fury
22705,Cheeky
534075,Super 30
443055,Love of My Life
168672,American Hustle
11130,The Princess Diaries 2: Royal Engagement
339692,Shot Caller
16995,State of Play
489925,Eighth Grade
500852,Miss Bala
38,Eternal Sunshine of the Spotless Mind
561362,Rust Creek
524348,The Report
124905,Godzilla
385360,Billionaire Boys Club
8619,Master and Commander: The Far Side of the World
385332,Terminal
1246,Rocky Balboa
14574,The Boy in the Striped Pyjamas
9552,The Exorcist
4944,Burn After Reading
2108,The Breakfast Club
484297,Abe
307081,Southpaw
372343,The Snowman
400617,Phantom Thread
